MATCH	PoincareCurvature.Geometry.Manifold.RicciFlow.AnalyticPDE.C0GaussianEndpoint	frozen-001/C0GaussianEndpoint.lean	16d76518ea457c778d54c2d9c7366af5c530eed81006f9b2454245d7d2df079d	fddd5a6e01432ebe760dfcad6ce28b455592e942
MATCH	PoincareCurvature.Geometry.Manifold.RicciFlow.AnalyticPDE.EuclideanHeatFrechet	curvature/PoincareCurvature/Geometry/Manifold/RicciFlow/AnalyticPDE/EuclideanHeatFrechet.lean	3b45de6f2b35a6671db0d2af5c393ba1dd67c07ddd155e4ab8fb66cfd8c38536	724b05f65abf7e2be143ca6159d10a147df8d1f5
MATCH	PoincareCurvature.Geometry.Manifold.RicciFlow.AnalyticPDE.EuclideanDuhamelFrechet	curvature/PoincareCurvature/Geometry/Manifold/RicciFlow/AnalyticPDE/EuclideanDuhamelFrechet.lean	1bc17b12f95e5e1d738a9d98b5c6ca03334bacfda0945d227f4e60c14495bf07	776a3cb93ea43d426444561e6dd3dacebf9a6b7d
MATCH	PoincareCurvature.Geometry.Manifold.RicciFlow.AnalyticPDE.FiniteCoordinateFrechet	curvature/PoincareCurvature/Geometry/Manifold/RicciFlow/AnalyticPDE/FiniteCoordinateFrechet.lean	75f2d72993cdbe3bfeab4147b7d0d23c1c7874633df00622e8a3b118268dedec	467d5afa65654d93bbd3095c35756b71086adfb2
MATCH	PoincareCurvature.Geometry.Manifold.RicciFlow.AnalyticPDE.EuclideanDuhamelHessian	curvature/PoincareCurvature/Geometry/Manifold/RicciFlow/AnalyticPDE/EuclideanDuhamelHessian.lean	109a9895aa5b3db72c8946d5d699c45624c202f3f22ea0f5df413d641d761981	eda5125a237aa48366ed9613bd8fd64acbc52002
MATCH	PoincareCurvature.Geometry.Manifold.RicciFlow.AnalyticPDE.EuclideanHeatHessian	curvature/PoincareCurvature/Geometry/Manifold/RicciFlow/AnalyticPDE/EuclideanHeatHessian.lean	986239468af296fb43f5cba9f7d21c23057cba6a2ece7b432876b1ac5b82e9ec	35c2f1a396ef074accb6e92b5e2818aa90741f20
MATCH	PoincareCurvature.Geometry.Manifold.RicciFlow.AnalyticPDE.EuclideanDuhamelClassical	curvature/PoincareCurvature/Geometry/Manifold/RicciFlow/AnalyticPDE/EuclideanDuhamelClassical.lean	498664f93d8ba3b86e7bc58f4caa713932b28be782ce40a1c11b751f9d7832bd	fc810a2bbce52ffe05f910373f1be4103de0dfbe
MATCH	PoincareCurvature.Geometry.Manifold.RicciFlow.AnalyticPDE.HeatKernelSchauder	curvature/PoincareCurvature/Geometry/Manifold/RicciFlow/AnalyticPDE/HeatKernelSchauder.lean	f7dc15d0e6a65a304f6c12689bb524bb9a93d903af348646a97531c336f6972c	256e4eeb01d6f61b3e096895e1bc2e9151866352
MATCH	PoincareCurvature.Geometry.Manifold.RicciFlow.AnalyticPDE.TensorHeatEuclidean	curvature/PoincareCurvature/Geometry/Manifold/RicciFlow/AnalyticPDE/TensorHeatEuclidean.lean	75d3787d7a735740991344f747682e30597adb1564ad8faacc7119fcead0b31d	6cc401572252566b41cd6418f8732cf1f034c3d8
MATCH	PoincareCurvature.Geometry.Manifold.RicciFlow.AnalyticPDE.HeatKernel1D	curvature/PoincareCurvature/Geometry/Manifold/RicciFlow/AnalyticPDE/HeatKernel1D.lean	fa8dda57559e802bc06dcc0c0d83ea8193da7a1743e00f889fd04a44ca3e470e	9bfa7841809cef83dfa8551827ee825a847d50c6
MATCH	PoincareCurvature.Geometry.Manifold.RicciFlow.AnalyticPDE.EuclideanHeatInitialTrace	curvature/PoincareCurvature/Geometry/Manifold/RicciFlow/AnalyticPDE/EuclideanHeatInitialTrace.lean	ab290500416e88764f748a827a522e1a444b3964873053b7cb3f43ca3ca8c427	461630e6cf945e62441b5effbf5168c155c36e9b
MATCH	PoincareCurvature.Analysis.CompactUniformModulus	curvature/PoincareCurvature/Analysis/CompactUniformModulus.lean	58603f65344a781d670e2c3de8229fe257e5e489e41d6d9188f99e6723a33538	3ca3a4deb1416a628f42453d1e97eac11584db6b
MATCH	PoincareCurvature.Analysis.FiniteMomentApproximation	curvature/PoincareCurvature/Analysis/FiniteMomentApproximation.lean	d2e921d24dceac4edb06d697518e33e9903456bf27099920ddeed9c1ece50261	221d301a604e594ece174091543b5b2c0458c01b
MATCH	PoincareCurvature.Geometry.Manifold.RicciFlow.AnalyticPDE.EuclideanDuhamelTime	curvature/PoincareCurvature/Geometry/Manifold/RicciFlow/AnalyticPDE/EuclideanDuhamelTime.lean	3ecdbc13816ecbec473d357f68fe394c0cf3dee5740b7aae1951e51438440b02	b11f2992a4ff34f9d62a7045a2004dd935a40af5
MATCH	PoincareCurvature.Geometry.Manifold.RicciFlow.AnalyticPDE.EuclideanHeatInitialC2	curvature/PoincareCurvature/Geometry/Manifold/RicciFlow/AnalyticPDE/EuclideanHeatInitialC2.lean	ebccd69d9e71023310328faec9dc4b756058d26f0fe3c615558b59c59659d2a8	36b855353e96d7a66cc53e1999fc5225bc5e9ba8
MATCH	PoincareCurvature.Geometry.Manifold.RicciFlow.AnalyticPDE.C0FiniteAtlasGaussian	frozen-001/C0FiniteAtlasGaussian.lean	474af52d61a6a90197d92ee24517952863cc834b66c3158c98182e78de21771f	b992548e1168157fdaa77e9c59a070cd75965392
MATCH	PoincareCurvature.Geometry.Manifold.RicciFlow.AnalyticPDE.TensorHeatLocalReconstruction	curvature/PoincareCurvature/Geometry/Manifold/RicciFlow/AnalyticPDE/TensorHeatLocalReconstruction.lean	b396eeb4b70263d7c194a0388ae343577a2d73ffdcd6b1fecf0fee2fa4f42318	846cfd57d4f9ad8efa93b322f07aee508bf72b88
MATCH	PoincareCurvature.Geometry.Manifold.RicciFlow.AnalyticPDE.TensorHeatFiniteSum	curvature/PoincareCurvature/Geometry/Manifold/RicciFlow/AnalyticPDE/TensorHeatFiniteSum.lean	24d5c482c990466b34b306f35daae749058b36480fdcede19d58732c93aa469d	1becfcec5dea136d895a378ff3699bb4b3d8b336
MATCH	PoincareCurvature.Geometry.Manifold.RicciFlow.AnalyticPDE.TensorHeatOperator	curvature/PoincareCurvature/Geometry/Manifold/RicciFlow/AnalyticPDE/TensorHeatOperator.lean	3787dbaefdeeef347ba7005de91fbfaebea4d388794de214199cd9db3b9ef78b	e6fecff2d8350b32c7968312ce51fc124ef1d46b
MATCH	PoincareCurvature.Geometry.Manifold.VectorBundle.CovariantDerivative.ConnectionLaplacianLeibniz	curvature/PoincareCurvature/Geometry/Manifold/VectorBundle/CovariantDerivative/ConnectionLaplacianLeibniz.lean	b09a74aecd93f288a29945b67f4052cadf42f62be3281a8073ae7beebb4197a5	63f96eda9c1808a3cbba2564f9e5b17b85ff3caa
MATCH	PoincareCurvature.Geometry.Manifold.VectorBundle.CovariantDerivative.Existence	schur-rigidity/PoincareCurvature/Geometry/Manifold/VectorBundle/CovariantDerivative/Existence.lean	0d3544fba247dec755e6755d2fce297135035e1dc0abace0b32c4949d8e66b48	6678aacea7247af23f8c24c7bbd2d631bc68d220
MATCH	PoincareCurvature.Geometry.Manifold.VectorBundle.CovariantDerivative.ConnectionLaplacianLinear	curvature/PoincareCurvature/Geometry/Manifold/VectorBundle/CovariantDerivative/ConnectionLaplacianLinear.lean	6ae26e990ecacaf1601bcdff9ba36c26072f401cc349689e858d4fdc6dc822b8	bb23a9ee7d14f7da3970f9db648bfd5202d68820
MATCH	PoincareCurvature.Geometry.Manifold.VectorBundle.CovariantDerivative.ConnectionLaplacian	curvature/PoincareCurvature/Geometry/Manifold/VectorBundle/CovariantDerivative/ConnectionLaplacian.lean	5c0e6695a6b57e20800df1d09a77b3640f382c1c9233fd967b2250022417a800	1595adcdd1ad9fabdafa91ca5d4c73a0766649bc
MATCH	PoincareCurvature.Geometry.Manifold.VectorBundle.CovariantDerivative.InducedHom	curvature/PoincareCurvature/Geometry/Manifold/VectorBundle/CovariantDerivative/InducedHom.lean	2a6dfd7f0c5b1dea76b8cee056e449c3ce6b624f23253836de0cc9bedfe7c9c4	285d1fced674e083896b4af97cdcabcc6b3a8f56
MATCH	PoincareCurvature.Geometry.Manifold.VectorBundle.HomBundleComp	curvature/PoincareCurvature/Geometry/Manifold/VectorBundle/HomBundleComp.lean	7cfc69c985aa43a1afc5f6441dd508be460b9bb769eae63caf432f49c572a7d4	c690f4294896885ab5ce3a70aebb1b58b55251df
MATCH	PoincareCurvature.Geometry.Manifold.VectorBundle.CovariantDerivative.Curvature.Tensor	schur-rigidity/PoincareCurvature/Geometry/Manifold/VectorBundle/CovariantDerivative/Curvature/Tensor.lean	518928ccf224355a1a755e2477710f1c26b0662e2675ccab2c6913b10ba9f61b	4b887b01c3d90ef1a2b645610f281829c12808a9
MATCH	PoincareCurvature.Geometry.Manifold.VectorBundle.CovariantDerivative.LeviCivita	schur-rigidity/PoincareCurvature/Geometry/Manifold/VectorBundle/CovariantDerivative/LeviCivita.lean	b9634295ebef0fa63020be132df7c1935db7cfee59d723d0e853899776c133ac	31a79f8cc30b8dbed94396a2575274effbd83f54
MATCH	PoincareCurvature.Geometry.Manifold.VectorBundle.CovariantDerivative.Metric	schur-rigidity/PoincareCurvature/Geometry/Manifold/VectorBundle/CovariantDerivative/Metric.lean	477daa95da19d0e5d72f1fa1f78f18513207ee20e619f2ff9d0181c047497d2b	61c3753bed4bae6d19225c6a46cc1ad7864443b7
MATCH	PoincareCurvature.Geometry.Manifold.VectorBundle.CovariantDerivative.Along	schur-rigidity/PoincareCurvature/Geometry/Manifold/VectorBundle/CovariantDerivative/Along.lean	68cef5bdf39e72ad12e1b61898a7adff522f3c6f46ca699244f3daf3b3ccdfac	2cb0c3d13e7d871936b06934ab0524bc4b729fcb
MATCH	PoincareCurvature.Geometry.Manifold.VectorBundle.RiemannianSection	schur-rigidity/PoincareCurvature/Geometry/Manifold/VectorBundle/RiemannianSection.lean	01f0eac5a417b2d243b0071643c90c3114a85c2016be4d72416d7cfe640351b2	f250764aa6e576e55a1183e71ca8eafc3f3cfc8c
MATCH	PoincareCurvature.Geometry.Manifold.VectorBundle.ContinuousSection	schur-rigidity/PoincareCurvature/Geometry/Manifold/VectorBundle/ContinuousSection.lean	9647f6cf3b0ace2e27de2ce45a149b32cdd0833541b425727baffa2e7723e208	5d8a958fbaeb2613f1bfe2e6e6eb020f01adbe00
MATCH	PoincareCurvature.Geometry.Manifold.VectorBundle.CovariantDerivative.Curvature.Raw	schur-rigidity/PoincareCurvature/Geometry/Manifold/VectorBundle/CovariantDerivative/Curvature/Raw.lean	2f2fb93364159b6cce4fbdac62e502bab18d4f5cc1f053437a815447b67fd0e7	a9bbfe8933a38543c3568f185d219a7917032e26
MATCH	PoincareCurvature.Geometry.Manifold.RicciFlow.AnalyticPDE.Parabolic.NormalizedCutoff	curvature/PoincareCurvature/Geometry/Manifold/RicciFlow/AnalyticPDE/Parabolic/NormalizedCutoff.lean	6d92333176a97786cf5b010947c21a3cac88a616dcd9d29c3bd0847dd4e30f4b	7839722bf213ea31339094e9bd3a8deda0602a40
MATCH	PoincareCurvature.Geometry.Manifold.RicciFlow.AnalyticPDE.Parabolic.LocalizedCoefficientScaling	curvature/PoincareCurvature/Geometry/Manifold/RicciFlow/AnalyticPDE/Parabolic/LocalizedCoefficientScaling.lean	1235a4e8b0d9ae310a5e6df053fc1a47222009338254ec72a8c36b38a6752361	7f3fba5677885310628d10552f5ebd05d9fa9091
MATCH	PoincareCurvature.Geometry.Manifold.RicciFlow.AnalyticPDE.Parabolic.TimeIndependentHolder	curvature/PoincareCurvature/Geometry/Manifold/RicciFlow/AnalyticPDE/Parabolic/TimeIndependentHolder.lean	00af6fdfcb02579937976b82f89a0e73e3a2b616f127853b723dd42581afc26d	94d8b7d6cc419429d643fb36598be41629c0bb86
MATCH	PoincareCurvature.Geometry.Manifold.RicciFlow.AnalyticPDE.Parabolic.BanachSpace	curvature/PoincareCurvature/Geometry/Manifold/RicciFlow/AnalyticPDE/Parabolic/BanachSpace.lean	202c6075c037f244c59f4781e4f311ea04dfdacd4528081f14385616b83bb645	99daabe4776341a63060d4324f65ba8fa12b5dc3
MATCH	PoincareCurvature.Geometry.Manifold.RicciFlow.AnalyticPDE.Parabolic.FunctionSpace	curvature/PoincareCurvature/Geometry/Manifold/RicciFlow/AnalyticPDE/Parabolic/FunctionSpace.lean	f22ca1afc0ed0ee37b999387f2df7525b6217f683ea8fcecb7852eb15f6812aa	8a472caea3e785aa614b637a17c78bcd165bc0f3
MATCH	PoincareCurvature.Geometry.Manifold.RicciFlow.AnalyticPDE.ParabolicHolder	curvature/PoincareCurvature/Geometry/Manifold/RicciFlow/AnalyticPDE/ParabolicHolder.lean	998139ecbf7dfdff5641d8070b731ae73ce6a59e8f572e3f51214aae9c60b115	8b019dd5b3bcb71ed36448282dbb479bc41c0360
MATCH	PoincareCurvature.Geometry.Manifold.RicciFlow.AnalyticPDE.ModelManifoldGaugeFlow	curvature/PoincareCurvature/Geometry/Manifold/RicciFlow/AnalyticPDE/ModelManifoldGaugeFlow.lean	7abe475881d891e3f6a0801618a91fed2b705453e4f3c0f92936f535dd0cd088	397881c48bf47915b4907adc1db445d7fd711556
MATCH	PoincareCurvature.Geometry.Manifold.RicciFlow.AnalyticPDE.FieldJetContDiff	curvature/PoincareCurvature/Geometry/Manifold/RicciFlow/AnalyticPDE/FieldJetContDiff.lean	059f6118b249fdfc2414f65c5074431a8f07f9a4b146dd233a7e5b11b4733e5b	1b2fbc5e0de3780717f15528eeaa261fa5337086
MATCH	PoincareCurvature.Geometry.Manifold.RicciFlow.AnalyticPDE.SmoothDependenceManifold	curvature/PoincareCurvature/Geometry/Manifold/RicciFlow/AnalyticPDE/SmoothDependenceManifold.lean	3f8f1a050c50b42ea62a5aa3f06b13d28c6244cf3393a2becbc708d106b53a6e	42b2396bcd7e9471d28babdb7907db5ae9f19c26
MATCH	PoincareCurvature.Geometry.Manifold.RicciFlow.AnalyticPDE.SmoothDependenceContinuousDeriv	curvature/PoincareCurvature/Geometry/Manifold/RicciFlow/AnalyticPDE/SmoothDependenceContinuousDeriv.lean	bf2dedfcbff4c5252662d4b32873b0df141592bed052f5e4cef8a11f5109f10a	b8da09f25c38ce0da2587aeb886fade977788259
MATCH	PoincareCurvature.Geometry.Manifold.RicciFlow.AnalyticPDE.SmoothDependenceCk	curvature/PoincareCurvature/Geometry/Manifold/RicciFlow/AnalyticPDE/SmoothDependenceCk.lean	95044a4e358e6e68cbc916da22075bb1df79ac41d0068f6cd185478f44d535b0	f51be67d184f62539a2eb048b6d0473f46de8e9b
MATCH	PoincareCurvature.Geometry.Manifold.RicciFlow.AnalyticPDE.FlowDiffeomorphism	curvature/PoincareCurvature/Geometry/Manifold/RicciFlow/AnalyticPDE/FlowDiffeomorphism.lean	4d48582975dc18ae49cbe9b71c24d8b028939ba72e58c440f1ed6f259ab70add	ab7f8ee51932432e099c7836fbf5b3cff9f74ea9
MATCH	PoincareCurvature.Geometry.Manifold.RicciFlow.GaugeReduction.GaugeFlowAssembly	curvature/PoincareCurvature/Geometry/Manifold/RicciFlow/GaugeReduction/GaugeFlowAssembly.lean	88e7e4099c44d1c99b7ff7bd0834d4d6bed0854265ac9d3b27a610ed8fa13c44	17c6770425b81a3a0ffa54553086bd2f345f9a1c
MATCH	PoincareCurvature.Geometry.Manifold.RicciFlow.GaugeReduction.ManifoldFlowExistence	curvature/PoincareCurvature/Geometry/Manifold/RicciFlow/GaugeReduction/ManifoldFlowExistence.lean	079517f184ddba84166eb79f1ca61b1aa83083ef1bda6a11450abba1e846db1b	64144039a1f64fab664ae71473f86cf5ce1a367a
MATCH	PoincareCurvature.Geometry.Manifold.RicciFlow.GaugeReduction.Diffeomorph3FlowExistence	curvature/PoincareCurvature/Geometry/Manifold/RicciFlow/GaugeReduction/Diffeomorph3FlowExistence.lean	485f36e55025cb333251072b4f702ed845e7be24a8a14535bc1b5d99ae8fffe6	0bfc0d7f2ade3d3c4d8eaaf5a587282fffca5a6e
MATCH	PoincareCurvature.Geometry.Manifold.RicciFlow.GaugeReduction.Diffeomorph3FlowDerivative	curvature/PoincareCurvature/Geometry/Manifold/RicciFlow/GaugeReduction/Diffeomorph3FlowDerivative.lean	889e04f4ea7c8e17fbf01120e7d2b4486ad48893dfecdc59763aa42775501c57	8019934ede15f1bbb56fe9606896d45ad201fc94
MATCH	PoincareCurvature.Geometry.Manifold.RicciFlow.GaugeReduction.DeTurckCoordinatePicardEstimates	curvature/PoincareCurvature/Geometry/Manifold/RicciFlow/GaugeReduction/DeTurckCoordinatePicardEstimates.lean	fbada945bf350cf61fdabe54f75e312707aeb2cbb1eaff07e08381ea050d8cd7	3a541be6cbe4931355a4a1f4f2298f011b2bc6fa
MATCH	PoincareCurvature.Geometry.Manifold.RicciFlow.GaugeReduction	curvature/PoincareCurvature/Geometry/Manifold/RicciFlow/GaugeReduction.lean	d237441d52e01880fa312777c3b2ad527cc3910104c9238e4f3d7a05c0139bf0	d52aa24f3d1e86f1c4897762e8cd68fea70b2c8a
MATCH	PoincareCurvature.Geometry.Manifold.RicciFlow.GaugeTransport	curvature/PoincareCurvature/Geometry/Manifold/RicciFlow/GaugeTransport.lean	44e2f86f7b53a03eedd2e4ef17194806666a5cd18f2728679baf1f4ba26f5cad	e5d18668163dbfd2fade6a252c74fde555df8d35
MATCH	PoincareCurvature.Geometry.Manifold.RicciFlow.LocalExistence	curvature/PoincareCurvature/Geometry/Manifold/RicciFlow/LocalExistence.lean	bf9de4bf83c75b4373d72842dae0eaca96fd2e333df48336f393ff998cce1ddf	3d430cddf9790bd71375727570118e3aed74e183
MATCH	PoincareCurvature.Geometry.Manifold.VectorBundle.CovariantDerivative.TimeDependent	curvature/PoincareCurvature/Geometry/Manifold/VectorBundle/CovariantDerivative/TimeDependent.lean	f7d94bc70f0445019dc88bfa3f5ee5d0d6f577d2b57ebeb102e15b6e94aae004	23d11ea8d2b19bafc1c758ce3107a908486ff1a2
MATCH	PoincareCurvature.Geometry.Manifold.VectorBundle.CovariantDerivative.Curvature.Sectional	curvature/PoincareCurvature/Geometry/Manifold/VectorBundle/CovariantDerivative/Curvature/Sectional.lean	14b828a0c69a58f260eac1c3597672c542db1835bc0d5e079698e59b9031ed6c	a92f67c5b271d398532722c13cb6b5a345a80fe1
MATCH	PoincareCurvature.Geometry.Manifold.VectorBundle.CovariantDerivative.Curvature.Contractions	schur-rigidity/PoincareCurvature/Geometry/Manifold/VectorBundle/CovariantDerivative/Curvature/Contractions.lean	3df47636448080a16a25cedb3f68e67434082fbcbf395b278fbd1fa42354e377	bdd0708ef3bd896028b000907c5c7e801f1f6834
MATCH	PoincareCurvature.Geometry.Manifold.VectorBundle.CovariantDerivative.Curvature.Bianchi	schur-rigidity/PoincareCurvature/Geometry/Manifold/VectorBundle/CovariantDerivative/Curvature/Bianchi.lean	2c3045f782bfb6c7742eaf3160f6dfc7bc0a3778ce20216ffc1dfa148976aab4	8a485f4e3d713afd12016d09201f9d57981421a4
MATCH	PoincareCurvature.Geometry.Manifold.RicciFlow.DeTurck	curvature/PoincareCurvature/Geometry/Manifold/RicciFlow/DeTurck.lean	9d76cd2370f408b79d77241c7a582e83331104c25e8bffbb80f134940d43a029	415fbf897d53cecd35a75cc8ef2a73e8d2928730
MATCH	PoincareCurvature.Geometry.Manifold.VectorBundle.FiniteSmoothTrivializingCover	curvature/PoincareCurvature/Geometry/Manifold/VectorBundle/FiniteSmoothTrivializingCover.lean	945b9a23f15a05fd61f51a9ade93b6bba31b4ad61d8868e335111d22768283b3	0cfa7bd5c45b7d22cb51a9554311af33356c32f7
MATCH	PoincareCurvature.Geometry.Manifold.VectorBundle.FiniteTrivializingCover	curvature/PoincareCurvature/Geometry/Manifold/VectorBundle/FiniteTrivializingCover.lean	ccbcd740abcaa4d238e75aa98794895482951005ab4c64f9d36b195c87e67396	f949958d4a3a711c71befc7f510737da2c121e3e
MATCH	PoincareCurvature.Analysis.PreferredCoordinateFrame	curvature/PoincareCurvature/Analysis/PreferredCoordinateFrame.lean	8df8a07e01228f8ce84e288c23ddba72f6e727861e7e101ae51f829753d0e819	98bec391a71a456051b365cd543e191dcfd2cc99
MATCH	PoincareCurvature.Analysis.BoundarylessChartTransport	curvature/PoincareCurvature/Analysis/BoundarylessChartTransport.lean	c749d7622aa1201f4b57346260108cf510d6138f8c1ee31466889fbb5eb22600	2ef29dd91635d059d7ad819178dffdafe8063e49
MATCH	PoincareCurvature.Geometry.Manifold.RicciFlow.AnalyticPDE.C2MetricVelocityExtension	frozen-001/C2MetricVelocityExtension.lean	ea20369d7a63dba3da0d64b964efafe4d2a7ae68c26bc9986bf0868bcac5a24d	46a0ccd6188961204a20aaee657719f04d6f3a0c
MATCH	PoincareCurvature.Geometry.Manifold.RicciFlow.AnalyticPDE.C0EndpointCompactPositivity	frozen-001/C0EndpointCompactPositivity.lean	45261b684e7add6c9e83eca9266777b8d12b6c7c598084d1d9e10b74f7867274	8ccc3b69623eb04e51c5245eddcbf28c7d94ced2
