MATCH	PoincareCurvature.Geometry.Manifold.RicciFlow.AnalyticPDE.C0GaussianEndpoint	true
MATCH	PoincareCurvature.Geometry.Manifold.RicciFlow.AnalyticPDE.EuclideanHeatFrechet	false
MATCH	PoincareCurvature.Geometry.Manifold.RicciFlow.AnalyticPDE.EuclideanDuhamelFrechet	false
MATCH	PoincareCurvature.Geometry.Manifold.RicciFlow.AnalyticPDE.FiniteCoordinateFrechet	false
MATCH	PoincareCurvature.Geometry.Manifold.RicciFlow.AnalyticPDE.EuclideanDuhamelHessian	false
MATCH	PoincareCurvature.Geometry.Manifold.RicciFlow.AnalyticPDE.EuclideanHeatHessian	false
MATCH	PoincareCurvature.Geometry.Manifold.RicciFlow.AnalyticPDE.EuclideanDuhamelClassical	false
MATCH	PoincareCurvature.Geometry.Manifold.RicciFlow.AnalyticPDE.HeatKernelSchauder	false
MATCH	PoincareCurvature.Geometry.Manifold.RicciFlow.AnalyticPDE.TensorHeatEuclidean	false
MATCH	PoincareCurvature.Geometry.Manifold.RicciFlow.AnalyticPDE.HeatKernel1D	false
MATCH	PoincareCurvature.Geometry.Manifold.RicciFlow.AnalyticPDE.EuclideanHeatInitialTrace	true
MATCH	PoincareCurvature.Analysis.CompactUniformModulus	true
MATCH	PoincareCurvature.Analysis.FiniteMomentApproximation	false
MATCH	PoincareCurvature.Geometry.Manifold.RicciFlow.AnalyticPDE.EuclideanDuhamelTime	false
MATCH	PoincareCurvature.Geometry.Manifold.RicciFlow.AnalyticPDE.EuclideanHeatInitialC2	false
MATCH	PoincareCurvature.Geometry.Manifold.RicciFlow.AnalyticPDE.C0FiniteAtlasGaussian	true
MATCH	PoincareCurvature.Geometry.Manifold.RicciFlow.AnalyticPDE.TensorHeatLocalReconstruction	false
MATCH	PoincareCurvature.Geometry.Manifold.RicciFlow.AnalyticPDE.TensorHeatFiniteSum	false
MATCH	PoincareCurvature.Geometry.Manifold.RicciFlow.AnalyticPDE.TensorHeatOperator	false
MATCH	PoincareCurvature.Geometry.Manifold.VectorBundle.CovariantDerivative.ConnectionLaplacianLeibniz	false
MATCH	PoincareCurvature.Geometry.Manifold.VectorBundle.CovariantDerivative.Existence	false
MATCH	PoincareCurvature.Geometry.Manifold.VectorBundle.CovariantDerivative.ConnectionLaplacianLinear	false
MATCH	PoincareCurvature.Geometry.Manifold.VectorBundle.CovariantDerivative.ConnectionLaplacian	false
MATCH	PoincareCurvature.Geometry.Manifold.VectorBundle.CovariantDerivative.InducedHom	false
MATCH	PoincareCurvature.Geometry.Manifold.VectorBundle.HomBundleComp	false
MATCH	PoincareCurvature.Geometry.Manifold.VectorBundle.CovariantDerivative.Curvature.Tensor	false
MATCH	PoincareCurvature.Geometry.Manifold.VectorBundle.CovariantDerivative.LeviCivita	false
MATCH	PoincareCurvature.Geometry.Manifold.VectorBundle.CovariantDerivative.Metric	false
MATCH	PoincareCurvature.Geometry.Manifold.VectorBundle.CovariantDerivative.Along	false
MATCH	PoincareCurvature.Geometry.Manifold.VectorBundle.RiemannianSection	false
MATCH	PoincareCurvature.Geometry.Manifold.VectorBundle.ContinuousSection	false
MATCH	PoincareCurvature.Geometry.Manifold.VectorBundle.CovariantDerivative.Curvature.Raw	false
MATCH	PoincareCurvature.Geometry.Manifold.RicciFlow.AnalyticPDE.Parabolic.NormalizedCutoff	true
MATCH	PoincareCurvature.Geometry.Manifold.RicciFlow.AnalyticPDE.Parabolic.LocalizedCoefficientScaling	false
MATCH	PoincareCurvature.Geometry.Manifold.RicciFlow.AnalyticPDE.Parabolic.TimeIndependentHolder	false
MATCH	PoincareCurvature.Geometry.Manifold.RicciFlow.AnalyticPDE.Parabolic.BanachSpace	false
MATCH	PoincareCurvature.Geometry.Manifold.RicciFlow.AnalyticPDE.Parabolic.FunctionSpace	false
MATCH	PoincareCurvature.Geometry.Manifold.RicciFlow.AnalyticPDE.ParabolicHolder	false
MATCH	PoincareCurvature.Geometry.Manifold.RicciFlow.AnalyticPDE.ModelManifoldGaugeFlow	true
MATCH	PoincareCurvature.Geometry.Manifold.RicciFlow.AnalyticPDE.FieldJetContDiff	false
MATCH	PoincareCurvature.Geometry.Manifold.RicciFlow.AnalyticPDE.SmoothDependenceManifold	false
MATCH	PoincareCurvature.Geometry.Manifold.RicciFlow.AnalyticPDE.SmoothDependenceContinuousDeriv	false
MATCH	PoincareCurvature.Geometry.Manifold.RicciFlow.AnalyticPDE.SmoothDependenceCk	false
MATCH	PoincareCurvature.Geometry.Manifold.RicciFlow.AnalyticPDE.FlowDiffeomorphism	false
MATCH	PoincareCurvature.Geometry.Manifold.RicciFlow.GaugeReduction.GaugeFlowAssembly	true
MATCH	PoincareCurvature.Geometry.Manifold.RicciFlow.GaugeReduction.ManifoldFlowExistence	true
MATCH	PoincareCurvature.Geometry.Manifold.RicciFlow.GaugeReduction.Diffeomorph3FlowExistence	false
MATCH	PoincareCurvature.Geometry.Manifold.RicciFlow.GaugeReduction.Diffeomorph3FlowDerivative	false
MATCH	PoincareCurvature.Geometry.Manifold.RicciFlow.GaugeReduction.DeTurckCoordinatePicardEstimates	false
MATCH	PoincareCurvature.Geometry.Manifold.RicciFlow.GaugeReduction	false
MATCH	PoincareCurvature.Geometry.Manifold.RicciFlow.GaugeTransport	false
MATCH	PoincareCurvature.Geometry.Manifold.RicciFlow.LocalExistence	false
MATCH	PoincareCurvature.Geometry.Manifold.VectorBundle.CovariantDerivative.TimeDependent	false
MATCH	PoincareCurvature.Geometry.Manifold.VectorBundle.CovariantDerivative.Curvature.Sectional	false
MATCH	PoincareCurvature.Geometry.Manifold.VectorBundle.CovariantDerivative.Curvature.Contractions	false
MATCH	PoincareCurvature.Geometry.Manifold.VectorBundle.CovariantDerivative.Curvature.Bianchi	false
MATCH	PoincareCurvature.Geometry.Manifold.RicciFlow.DeTurck	false
MATCH	PoincareCurvature.Geometry.Manifold.VectorBundle.FiniteSmoothTrivializingCover	false
MATCH	PoincareCurvature.Geometry.Manifold.VectorBundle.FiniteTrivializingCover	false
MATCH	PoincareCurvature.Analysis.PreferredCoordinateFrame	true
MATCH	PoincareCurvature.Analysis.BoundarylessChartTransport	true
MATCH	PoincareCurvature.Geometry.Manifold.RicciFlow.AnalyticPDE.C2MetricVelocityExtension	true
MATCH	PoincareCurvature.Geometry.Manifold.RicciFlow.AnalyticPDE.C0EndpointCompactPositivity	true
