MATCH	Mathlib/Geometry/Manifold/VectorBundle/Riemannian.lean	b5fc92352e7156e1adda4068c258f3e6dcb1d091	e3d87dc3514ff67c64f5c223071dd46842ccaa1138af5df3383e3f283d103b2b
MATCH	curvature/PoincareCurvature/Geometry/Manifold/RicciFlow/LocalExistence.lean	3d430cddf9790bd71375727570118e3aed74e183	bf9de4bf83c75b4373d72842dae0eaca96fd2e333df48336f393ff998cce1ddf
MATCH	Mathlib/Topology/ContinuousMap/Bounded/Basic.lean	ce9f56fc4406e5eba5c21a655692dc5a9993c0ee	efd930a132ec7cba53752f43961815b719a27514573e52e9894cf5e7fc2e421d
MATCH	Mathlib/Topology/Algebra/Support.lean	6724d9a28680cfee734a0e2be71203cd5ca0d9ee	aab196644260f0c77d8aab52c3151df9c49880c1e9b8ee08cb97193a6ef994a9
MATCH	Mathlib/Analysis/Calculus/Deriv/Basic.lean	99b298181811591362a2467cfd825017ac9d0fef	da1d29570f45bd14f5a37aa5b024d46b3076a47f04e9315bf72cd65f6505d55b
MATCH	curvature/PoincareCurvature/Geometry/Manifold/RicciFlow/PointFourContract.lean	ab4be9d25a9178cb17cb9c1ed67dc60ff10025ec	36842cb3898b3a510a597877e7394f7a8e84ab6f716916e7baecb3f7572d1fca
MATCH	Mathlib/Topology/ContinuousMap/BoundedCompactlySupported.lean	8e463a392ed21beb3d728ce9c6068a004543692c	d3c748be9a560274e8be6246cdd5ae4eb345ae9279176c7be340f873d2e38ac6
MATCH	Mathlib/Topology/VectorBundle/Hom.lean	5162b27a435c26918e70ee6b466192e8055504be	8cfe2d2c3dbac2533b45407ebe8c83b6b9cf651c577e8bc3857bba2798d95dd2
MATCH	Mathlib/Analysis/Calculus/Deriv/Mul.lean	f688112f3812e3f50cdf169956d6c1323d32c19a	9eaf8d222c347ea647939daa68fac11edeb7c2572719246ce03d43cb04c94b44
MATCH	Mathlib/Topology/UniformSpace/HeineCantor.lean	a3c9f8490f96b0056785997fc91987e11e587020	307718982cda076dc252c6506dc9ab94a3c84e3eb92516dda94e364afc0bf07a
MATCH	Mathlib/Geometry/Manifold/VectorBundle/ContMDiffSection.lean	a6593d1272ab0bd3e6780cc5573b760e865c5f30	06fb03179d5f63e43c0a646aa0f87e8903e3189c7b0a7866ce0c7dbad3dc630c
MATCH	Mathlib/Topology/FiberBundle/Constructions.lean	a3a215afae4ff96a725940bd3e131d18b54c5035	f0fd3cc7ed96557b9ec6c892438de027366c1d6d730e574070ec6c050e19231d
MATCH	Mathlib/Topology/MetricSpace/Pseudo/Lemmas.lean	bd5e7cc7d3820491f99e382c0f3240ee6b99ff03	0194113c847c252d63b1e3d924a818c3ab72343b2112acf7b0d5c13d133a6431
MATCH	Mathlib/Geometry/Manifold/PartitionOfUnity.lean	e9d0243283efab7d65cd7144ef21bf1b717e5eb0	dea35887e7f3c058fde7c988e99dda3bf12ecf142784cce8baa84644e892f384
MATCH	Mathlib/Topology/Algebra/Module/Spaces/ContinuousLinearMap.lean	a59c26385477df5e903b91d26447a03e25f16a6e	72115f36a523bcfee4dc9979a16067bc1429c576a1524d27f00a44fc64bb521a
MATCH	Mathlib/Topology/Algebra/Monoid.lean	0dac831950493b3a8af9373f5f9c6cd99b6f4538	cf858f52c0f84ad0f0f950ddc0c76128c4893ced7620d0c7a4cef1c9c3ddab56
